Model,mAP@0.5,mAP@0.5:0.95
YOLOv8n (2-class),0.5813994886953829,0.2959756128357184
YOLOv8n (binary),0.5999106144352218,0.31165107816488274
